{"cameraMode":{"drawMode":0,"name":"Shaded","section":"Shading Mode"},"sceneLighting":true,"audioPlay":false,"sceneViewState":{"m_AlwaysRefresh":false,"showFog":true,"showSkybox":true,"showFlares":true,"showImageEffects":true,"showParticleSystems":true,"showVisualEffectGraphs":true,"m_FxEnabled":true},"in2DMode":false,"pivot":{"x":6.601901054382324,"y":20.710729598999025,"z":132.89932250976563},"rotation":{"x":-0.009000522084534169,"y":-0.005702666472643614,"z":0.00004495472239796072,"w":-0.9999647736549377},"size":144.234619140625,"orthographic":false}