{"cameraMode":{"drawMode":0,"name":"Shaded","section":"Shading Mode"},"sceneLighting":true,"audioPlay":false,"sceneViewState":{"m_AlwaysRefresh":false,"showFog":true,"showSkybox":true,"showFlares":true,"showImageEffects":true,"showParticleSystems":true,"showVisualEffectGraphs":true,"m_FxEnabled":true},"in2DMode":false,"pivot":{"x":-4.1602325439453129,"y":31.93006134033203,"z":-60.76836395263672},"rotation":{"x":0.04370900243520737,"y":0.4681124985218048,"z":0.023190554231405259,"w":-0.8822951912879944},"size":63.474552154541019,"orthographic":false}