{"cameraMode":{"drawMode":0,"name":"Shaded","section":"Shading Mode"},"sceneLighting":true,"audioPlay":false,"sceneViewState":{"m_AlwaysRefresh":false,"showFog":true,"showSkybox":true,"showFlares":true,"showImageEffects":true,"showParticleSystems":true,"showVisualEffectGraphs":true,"m_FxEnabled":true},"in2DMode":false,"pivot":{"x":13.308121681213379,"y":24.460857391357423,"z":-98.86124420166016},"rotation":{"x":0.029993461444973947,"y":-0.011697114445269108,"z":-0.0003513418196234852,"w":-0.9994917511940002},"size":59.83329391479492,"orthographic":false}