{"cameraMode":{"drawMode":0,"name":"Shaded","section":"Shading Mode"},"sceneLighting":true,"audioPlay":false,"sceneViewState":{"m_AlwaysRefresh":false,"showFog":true,"showSkybox":true,"showFlares":true,"showImageEffects":true,"showParticleSystems":true,"showVisualEffectGraphs":true,"m_FxEnabled":true},"in2DMode":false,"pivot":{"x":-49.16609191894531,"y":41.57946014404297,"z":-112.23876190185547},"rotation":{"x":-0.023395119234919549,"y":-0.3977566361427307,"z":0.010140689089894295,"w":-0.9171587228775024},"size":142.24989318847657,"orthographic":false}