{"cameraMode":{"drawMode":0,"name":"Shaded","section":"Shading Mode"},"sceneLighting":true,"audioPlay":false,"sceneViewState":{"m_AlwaysRefresh":false,"showFog":true,"showSkybox":true,"showFlares":true,"showImageEffects":true,"showParticleSystems":true,"showVisualEffectGraphs":true,"m_FxEnabled":true},"in2DMode":false,"pivot":{"x":4.79752779006958,"y":81.88721466064453,"z":-134.5482635498047},"rotation":{"x":-0.03423190116882324,"y":0.12291441857814789,"z":-0.0042472947388887409,"w":-0.9918376207351685},"size":290.89752197265627,"orthographic":false}